"Code","Identifier","Name_En","Name_Es","Name_Fr"
"AFA","260","Afghani","Afghani","Afghani"
"DZD","261","Algerian Dinar","Dinar argelino","Dinar algérien"
"ADP","262","Andorran Peseta","",""
"ARA","263","Argentine Austral","",""
"ARP","264","Argentine Peso","Peso argentino","Peso argentin"
"ARS","265","Argentine Peso","Peso argentino","Peso argentin"
"AMD","266","Armeniam Dram","Dram armeniano","Dram arménien"
"AWG","267","Aruban Florin","Florín arubeño","Florin d'Aruba"
"AUD","268","Australian Dollar","Dólar australiano","Dollar australien"
"AZM","269","Azerbaijanian Manat","Manat","Manat"
"BSD","270","Bahamian Dollar","Dólar de las Bahamas","Dollar des Bahamas"
"BHD","271","Bahraini Dinar","Dinar de Bahrein","Dinar de Bahreïn"
"THB","272","Baht","Baht","Baht"
"PAB","273","Balboa","Balboa","Balboa"
"BBD","274","Barbados Dollar","Dólar de Barbados","Dollar de Barbade"
"BYB","275","Belarussian Ruble","",""
"BYR","276","Belarusian Ruble","Rublo belaruso","Rouble bélorussien"
"BEF","277","Belgian Franc","Franco belga","Franc belge"
"BZD","278","Belize Dollar","Dólar de Belice","Dollar de Belize"
"BMD","279","Bermudian Dollar","Dólar de Bermudas","Dollar des Bermudes"
"VEB","280","Bolivar","Bolívar","Bolivar"
"BOP","281","Bolivian Peso","",""
"BOB","282","Boliviano","Boliviano","Boliviano"
"BRL","283","Brazilian Real","Real","Real"
"BND","284","Brunei Dollar","Dólar de Brunei","Dollar de Brunei"
"BGN","285","Bulgarian Lev","Lev","Lev"
"BIF","286","Burundi Franc","Franco burundí","Franc du Burundi"
"XAF","287","CFA Franc (BEAC)","Franco CFA (BEAC)","Franc CFA (BEAC)"
"XOF","288","CFA Franc (BCEAO)","Franco CFA (BCEAO)","Franc CFA (BCEAO)"
"XPF","289","CFP Franc","Franco CFP","Franc CFP"
"CAD","290","Canadian Dollar","Dólar canadiense","Dollar canadien"
"CVE","291","Cabo Verde Escudo","Escudo de Cabo Verde","Escudo du Cabo Verde"
"KYD","292","Cayman Islands Dollar","Dólar de las Islas Caimán","Dollar des Îles Caïmanes"
"GHC","293","Cedi","",""
"CLP","294","Chilean Peso","Peso chileno","Peso chilien"
"COP","295","Colombian Peso","Peso colombiano","Peso colombien"
"KMF","296","Comoro Franc","Franco comorano","Franc des Comores"
"BAM","297","Convertible Mark","Marco","Mark convertible"
"NIC","298","Córdoba","Córdoba","Córdoba"
"NIO","299","Córdoba Oro","Córdoba Oro","Córdoba Oro"
"CRC","300","Costa Rican Colón","Colón costarricense","Colón de Costa Rica"
"HRK","301","Kuna","Kuna","Kuna"
"BRC","302","Cruzado","",""
"BRZ","303","Cruzeiro","",""
"CUP","304","Cuban Peso","Peso cubano","Peso cubain"
"CYP","305","Cyprus Pound","Libra chipriota","Livre cypriote"
"CZK","306","Czech Koruna","Corona checa","Couronne tchèque"
"GMD","307","Dalasi","Dalasi","Dalasi"
"DKK","308","Danish Krone","Corona danesa","Couronne danoise"
"MKD","309","Denar","Denar","Denar"
"DEM","310","Deutsche Mark","",""
"HRD","311","Dinar","",""
"DJF","312","Djibouti Franc","Franco de Djibouti","Franc de Djibouti"
"STD","313","Dobra","Dobra","Dobra"
"DOP","314","Dominican Peso","Peso dominicano","Peso dominicain"
"VND","315","Dong","Dong","Dong"
"GRD","316","Drachma","",""
"EUR","317","Euro","Euro","Euro"
"XCD","318","East Caribbean Dollar","Dólar del Caribe oriental","Dollar des Caraïbes orientales"
"EGP","319","Egyptian Pound","Libra egipcia","Livre égyptienne"
"GQE","320","Ekwele","",""
"SVC","321","El Salvador Colón","Colón salvadoreño","Colón du El Salvador"
"ETB","322","Ethiopian Birr","Birr etiopiano","Birr éthiopien"
"ECU","323","European Currency Unit","",""
"FKP","324","Falkland Islands Pound","Libra de las Islas Malvinas","Livre de Falkland"
"FJD","325","Fiji Dollar","Dólar de Fiji","Dollar de Fidji"
"HUF","326","Forint","Forint","Forint"
"CDF","327","Congolese Franc","Franco congolés","Franc congolais"
"FRF","328","French Franc","",""
"GIP","329","Gibraltar Pound","Libra de Gibraltar","Livre de Gibraltar"
"HTG","330","Gourde","Gourde","Gourde"
"PYG","331","Guaraní","Guaraní","Guaraní"
"GNF","332","Guinea Franc","Franco de Guinea","Franc guinéen"
"GWP","333","Guinea-Bissau Peso","Peso de Guinea-Bissau","Peso de Guinée-Bissau"
"GYD","334","Guyana Dollar","Dólar de Guyana","Dollar de Guyane"
"HKD","335","Hong Kong Dollar","Dólar de Hong Kong","Dollar de Hong-Kong"
"UAH","336","Hryvnia","Jrivnia","Hryvnia"
"ISK","337","Iceland Króna","Corona islandesa","Couronne islandaise"
"INR","338","Indian Rupee","Rupia india","Roupie indienne"
"PEI","339","Inti","",""
"IRR","340","Iranian Rial","Rial iraní","Rial iranien"
"IQD","341","Iraqi Dinar","Dinar iraquí","Dinar iraquien"
"IEP","342","Irish Pound","",""
"ITL","343","Italian Lira","",""
"JMD","344","Jamaican Dollar","Dólar jamaicano","Dollar jamaïcain"
"JOD","345","Jordanian Dinar","Dinar jordano","Dinar jordanien"
"UAK","346","Karbovanet","",""
"KES","347","Kenyan Shilling","Chelín keniano","Shilling du Kenya"
"PGK","348","Kina","Kina","Kina"
"LAK","349","Kip","Kip","Kip"
"CSK","350","Koruna","",""
"EEK","351","Kroon","Corona estoniana","Couronne estonienne"
"KWD","352","Kuwaiti Dinar","Dinar kuwaití","Dinar koweïtien"
"MWK","353","Malawi kwacha","Kwacha malawiano","Kwacha malawien"
"ZMK","354","Kwacha","Kwacha","Kwacha"
"AOA","355","Kwanza","Kwanza","Kwanza"
"AOK","356","Kwanza","",""
"BUK","357","Kyat","",""
"MMK","358","Kyat","Kyat","Kyat"
"GEL","359","Lari","Lari","Lari"
"LVL","360","Latvian Lats","Lats letón","Lats letton"
"LBP","361","Lebanese Pound","Libra libanesa","Livre libanaise"
"ALL","362","Lek","Lek","Lek"
"HNL","363","Lempira","Lempira","Lempira"
"SLL","364","Leone","Leone","Leone"
"ROL","365","Leu","",""
"BGL","366","Lev","",""
"LRD","367","Liberian Dollar","Dólar liberiano","Dollar libérien"
"LYD","368","Libyan Dinar","Dinar libio","Dinar libyen"
"SZL","369","Lilangeni","Lilangeni","Lilangeni"
"LTL","370","Lithuanian Litas","Lita lituanesa","Litas lituanien"
"LSL","371","Loti","Loti","Loti"
"LUF","372","Luxembourg Franc","",""
"MGF","373","Malagasy Franc","",""
"MYR","374","Malaysian Ringgit","Ringgit malayo","Ringgit de Malaisie"
"MLF","375","Mali Franc","",""
"LSM","376","Maloti","",""
"MTL","377","Maltese Lira","Libra maltesa","Livre maltaise"
"MTP","378","Maltese Pound","",""
"TMM","379","Manat","Manat","Manat"
"DDM","380","Mark der DDR","",""
"FIM","381","Markka","",""
"MUR","382","Mauritius Rupee","Rupia mauricia","Roupie de Maurice"
"MZM","383","Metical","Metical","Metical"
"MXN","384","Mexican Peso","Peso mexicano","Peso mexicain"
"MXP","385","Mexican Peso","",""
"MDL","386","Moldovan Leu","Leu de Moldova","Leu de Moldovie"
"MAD","387","Moroccan Dirham","Dirham marroquí","Dirham marocain"
"MZE","388","Mozambique Escudo","",""
"NGN","389","Naira","Naira","Naira"
"ERN","390","Nakfa","Nakfa","Nakfa"
"NAD","391","Namibian Dollar","Dólar namibiano","Dollar namibien"
"NPR","392","Nepalese Rupee","Rupia nepalesa","Roupie du Népal"
"ANG","393","Netherlands Antillian Guilder","Florín de las Antillas","Florin des Antilles"
"NLG","394","Netherlands Guilder","",""
"BRN","395","New Cruzeiro","",""
"YUM","396","New Dinar","",""
"ILS","397","New Israeli Sheqel","Nuevo israelí sheqel","Nouveau israëli sheqel"
"AON","398","New Kwanza","",""
"BNG","399","New Lev","",""
"TWD","400","New Taiwan Dollar","Nuevo dólar taiwanés","Nouveau dollar de Taïwan"
"YUD","401","New Yugoslavian Dinar","",""
"ZRN","402","New Zaire","",""
"NZD","403","New Zealand Dollar","Dólar neozelandés","Dollar néo-zélandais"
"BTN","404","Ngultrum","Ngultrum","Ngultrum"
"KPW","405","North Korean Won","Won de la Corea del Norte","Won de la Corée du Nord"
"NOK","406","Norwegian Krone","Corona noruega","Couronne norvégienne"
"PEN","407","Sol","Sol","Sol"
"MRO","408","Ouguiya","Ouguiya","Ouguija"
"TOP","409","Pa'anga","Pa'anga","Pa'anga"
"PKR","410","Pakistan Rupee","Rupia paquistaní","Roupie du Pakistan"
"MOP","411","Pataca","",""
"UYU","412","Peso Uruguayo","Peso uruguayo","Peso uruguayen"
"PHP","413","Philippine Peso","Peso filipino","Peso philippin"
"PTE","414","Portuguese Escudo","",""
"GBP","415","Pound Sterling","Libra esterlina","Livre sterling"
"BWP","416","Pula","Pula","Pula"
"QAR","417","Qatari Rial","Rial de Qatar","Riyal du Qatar"
"GTQ","418","Quetzal","Quetzal","Quetzal"
"ZAR","419","Rand","Rand","Rand"
"BRR","420","Real","",""
"OMR","421","Rial Omani","Rial omaní","Rial omanais"
"KHR","422","Riel","Riel","Riel"
"SUR","423","Rouble","",""
"MVR","424","Rufiyaa","Rifiyaa","Rufiyaa"
"IDR","425","Rupiah","Rupia","Rupiah"
"RUB","426","Russian Ruble","Rublo ruso","Rouble russe"
"RUR","427","Russian Ruble","",""
"RWF","428","Rwanda Franc","Franco ruandés","Franc du Rwanda"
"GWE","429","Sao Tome Escudo","",""
"SAR","430","Saudi Riyal","Rial saudí","Riyal saoudien"
"ATS","431","Schilling","",""
"SCR","432","Seychelles Rupee","Rupia de Seychelles","Roupie des Seychelles"
"SGD","433","Singapore Dollar","Dólar singapurense","Dollar de Singapour"
"SKK","434","Slovak Koruna","Corona eslovaca","Couronne slovaque"
"PES","435","Sol","",""
"SBD","436","Solomon Islands Dollar","Dólar de las Islas Salomón","Dollar de Salomon"
"KGS","437","Som","Som","Som"
"SOS","438","Somali Shilling","Chelín somalí","Shilling de Somalie"
"TJS","439","Somoni","Somoni","Somoni"
"ESP","440","Spanish Peseta","",""
"LKR","441","Sri Lanka Rupee","Rupia de Sri Lanka","Roupie de Sri Lanka"
"SHP","442","Saint Helena Pound","Libra de Santa Elena","Livre de Sainte-Hélène"
"ECS","443","Sucre","",""
"SDD","444","Sudanese Dinar","",""
"SDP","445","Sudanese Pound","",""
"SRG","446","Suriname Guilder","",""
"SEK","447","Swedish Krona","Corona sueca","Couronne suédoise"
"CHF","448","Swiss Franc","Franco suizo","Franc suisse"
"GNS","449","Syli","",""
"SYP","450","Syrian Pound","Libra siria","Livre syrienne"
"TJR","451","Tajik Ruble","",""
"BDT","452","Taka","Taka","Taka"
"WST","453","Tala","Tala","Tala"
"LTT","454","Talonas","",""
"TZS","455","Tanzanian Shilling","Chelín tanzano","Shilling de Tanzanie"
"KZT","456","Tenge","Tenge","Tenge"
"TPE","457","Timor Escudo","",""
"SIT","458","Tolar","",""
"TTD","459","Trinidad and Tobago Dollar","Dólar de Trinidad y Tabago","Dollar de la Trinité et de Tobago"
"MNT","460","Tugrik","Tugrik","Tugrik"
"TND","461","Tunisian Dinar","Dinar tunecino","Dinar tunisien"
"TRL","462","Turkish Lira","Lira turca","Livre turque"
"AED","463","UAE Dirham","Dirham de los Emiratos Árabes Unidos","Dirham des Émirats Arabes Unis"
"USD","464","US Dollar","Dólar de EE.UU.","Dollar des États-Unis"
"UGS","465","Uganda Shilling","",""
"UGX","466","Uganda Shilling","Chelín ugandés","Shilling ougandais"
"UYP","467","Uruguayan Peso","",""
"UZS","468","Uzbekistan Sum","Sum Uzbekistán","Soum d'Ouzbékistan"
"VUV","469","Vatu","Vatu","Vatu"
"KRW","470","Won","Won","Won"
"YDD","471","Yemeni Dinar","",""
"YER","472","Yemeni Rial","Rial yemení","Riyal du Yémen"
"JPY","473","Yen","Yen","Yen"
"CNY","474","Yuan Renminbi","Yuan Renminbi","Yuan Ren-Min-Bi"
"YUN","475","Yugoslavian Dinar","",""
"ZRZ","476","Zaire","",""
"ZWD","477","Zimbabwe Dollar","Dólar de Zimbabwe","Dollar du Zimbabwe"
"PLZ","478","Zloty","",""
"PLN","479","Zloty","Zloty","Zloty"
"MGA","480","Malagasy Ariary","Ariary malgache","Malagasy ariary"
"SRD","481","Suriname Dollar","Dólar surinamés","Dollar surinamais"
"RON","482","Romanian Leu","Leu rumano","Leu roumain"
"TRY","483","Turkish Lira","Lira turca","Livre turque"
"RSD","484","Serbian Dinar","Dinar serbio","Dinar serbe"
"AZN","485","Azerbaijanian Manat","Manat","Manat"
"AFN","486","Afghani","Afghani","Afghani"
"BOV","487","Mvdol","Mvdol","Mvdol"
"GHS","488","Ghana Cedi","Cedi de Ghana","Ghana Cedi"
"VEF","489","Bolívar","Bolívar","Bolívar"
"MZN","490","Metical","Metical","Metical"
"SDG","491","Sudanese Pound","Libra sudanesa","Livre soudanaise"
"ZWR","492","Zimbabwe Dollar","Dólar de Zimbabwe","Dollar du Zimbabwe"
"SSP","493","South Sudanese Pound","Libra sursudanesa","Livre sud-soudanaise"
"TMT","494","Turkmenistan New Manat","Nuevo manat de Turkmenistán","Nouveau manat du Turkménistan"
"ZMW","495","Zambian Kwacha","Kwacha zambiano","Kwacha zambien"
"ZWL","496","Zimbabwe Dollar","Dólar de Zimbabwe","Dollar du Zimbabwe"
"LYP","497","Libyan pound","Libia libra","Livre libyenne"
"NZP","498","New Zealand pound","Libra de Nueva Zelanda","Livre néo-zélandaise"
"XBW","499","British West Indies dollar","Dólar de las Indias Occidentales Británicas","Dollar des Indes britanniques"
"XPG","500","Persian Gulf rupee","Rupia del Golfo","Roupie du Golfe"
"ILP","501","Israeli Pound","Libra de Israel","Livre israélienne"
"AUP","502","Australian Pound","Libra australiana","Livre australienne"
"FJP","503","Fijian Pound","Libra de Fiji","Livre de Fidji"
"BYN","504","Belarusian Ruble","Rublo belaruso","Rouble bélorussien"
"MRU","505","Ouguiya","Ouguiya","Ouguiya"
"STN","506","Dobra","Dobra","Dobra"
"VES","507","Bolívar soberano","Bolívar soberano","Bolivar souverain"
"ZWN","508","Zimbabwe Dollar","Dólar de Zimbabwe","Dollar du Zimbabwe"
"SLE","509","Leone","Leone","Leone"
"VED","510","Bolívar soberano (Nueva Expresión Monetaria)","Bolívar soberano (Nueva Expresión Monetaria)","Bolivar souverain (Nueva Expresión Monetaria)"
