"Identifier","Name_En","Name_Es","Name_Fr","Short_Name_En","Short_Name_Es","Short_Name_Fr"
"352","Reg Off Asia & Pacific","OfRegional Asia&Pacifico","Bureau Reg Asie&Pacifiq","RAP","RAP","RAP"
"353","Reg Off Near East","Of Reg Cercano Oriente","Bureau Reg Proche-Orient","RNE","RNE","RNE"
"443","Reg Office  Africa","Oficina Reg Africa","Bureau Reg Afrique","RAF","RAF","RAF"
"444","Reg Office LatAmer & Car","Oficina Reg Am Lat y Car","Bureau Reg Am lat & Car","RLC","RLC","RLC"
"445","Reg Office Europe","Oficina Reg Europa","Bureau Reg Europe","REU","REU","REU"
"476","FAO Member Nations","Estados Miembros FAO","Etats Membres FAO","FAO Member","Miembros FAO","Membres FAO"
"852","Reg Off Asia & Pacific","OfRegional Asia&Pacifico","Bureau Reg Asie&Pacifiq","RAP","RAP","RAP"
